﻿Title,Date,Source,Link
习近平：加强党对全面依法治国的领导,2/15/2019,,http://jhsjk.people.cn/article/30704130
习近平引用的名句,12/26/2018,人民网－人民日报海外版 ,http://jhsjk.people.cn/article/30487507
习近平：不能让一些过时的法律条款成为改革的“绊马索”,11/17/2017,人民网-中国共产党新闻网 ,http://jhsjk.people.cn/article/29652866
一、“四个全面”战略布局是新的历史条件下治国理政方略,11/9/2015,人民网－中国共产党新闻网 ,http://jhsjk.people.cn/article/27791878
严格依法行政，加快建设法治政府,5/13/2015,人民网－中国共产党新闻网 ,http://jhsjk.people.cn/article/26993166
推进科学立法，完善以宪法为统帅的 中国特色社会主义法律体系,5/11/2015,人民网－中国共产党新闻网 ,http://jhsjk.people.cn/article/26981654
习近平：把握全面深化改革的内在规律，坚持正确的方法论,8/4/2014,人民网－中国共产党新闻网 ,http://jhsjk.people.cn/article/25395110
两会期间 习近平去了哪儿说了什么,3/14/2014,人民网－人民日报海外版 ,http://jhsjk.people.cn/article/24632480
习近平总书记同人大代表、政协委员共商国是纪实,3/13/2014,人民网－人民日报 ,http://jhsjk.people.cn/article/24620609
