﻿Title,Date,Source,Link
携手共命运 一起向未来,1/26/2022,人民网－人民日报 ,http://jhsjk.people.cn/article/32339849
习近平在中国同中亚五国建交30周年视频峰会上的讲话（全文）,1/25/2022,新华网 ,http://jhsjk.people.cn/article/32339672
学史明理 学史增信 学史崇德 学史力行,7/2/2021,求是网 ,http://jhsjk.people.cn/article/32147327
共同构建人类命运共同体,1/1/2021,《求是》 ,http://jhsjk.people.cn/article/31986596
习近平在第十三届全国人民代表大会第一次会议上的讲话,5/15/2020,《求是》 ,http://jhsjk.people.cn/article/31710993
共产党人的政治灵魂——习近平这样论述马克思主义,5/5/2020,人民网-中国共产党新闻网 ,http://jhsjk.people.cn/article/31697161
习近平同希腊总理米佐塔基斯会谈,11/12/2019,人民网－人民日报 ,http://jhsjk.people.cn/article/31449366
习近平在希腊媒体发表署名文章,11/11/2019,人民网－人民日报 ,http://jhsjk.people.cn/article/31447109
习近平在希腊媒体发表署名文章,11/10/2019,新华社 ,http://jhsjk.people.cn/article/31446929
昭昭史鉴倡反腐！带您品读习近平十大廉政用典,10/12/2019,人民网-中国共产党新闻网 ,http://jhsjk.people.cn/article/31395372
习近平讲述的世界故事,8/7/2019,人民网－人民日报海外版 ,http://jhsjk.people.cn/article/31280444
习近平：坚定文化自信，建设社会主义文化强国,6/15/2019,《求是》 ,http://jhsjk.people.cn/article/31154163
习近平在塔吉克斯坦媒体发表署名文章：携手共铸中塔友好新辉煌,6/13/2019,人民网－人民日报 ,http://jhsjk.people.cn/article/31133982
六年六次讲话！习近平的“上合声音”,6/12/2019,人民网-中国共产党新闻网 ,http://jhsjk.people.cn/article/31133386
习近平在塔吉克斯坦媒体发表署名文章,6/12/2019,新华社 ,http://jhsjk.people.cn/article/31133234
习近平在吉尔吉斯斯坦媒体发表署名文章：愿中吉友谊之树枝繁叶茂、四季常青,6/12/2019,人民网－人民日报 ,http://jhsjk.people.cn/article/31131629
习近平在吉尔吉斯斯坦媒体发表署名文章,6/11/2019,新华社 ,http://jhsjk.people.cn/article/31129974
话端阳 品传统，跟习近平总书记学中华文化传承之道,6/7/2019,人民网-中国共产党新闻网 ,http://jhsjk.people.cn/article/31124904
习近平：深入理解新发展理念,5/16/2019,,http://jhsjk.people.cn/article/31088253
推动文明交流互鉴，习近平倡导这样的“中国态度”,5/14/2019,人民网-中国共产党新闻网 ,http://jhsjk.people.cn/article/31082994
习近平：一个国家、一个民族不能没有灵魂,4/15/2019,,http://jhsjk.people.cn/article/31030863
“一笔宝贵的财富”,3/26/2019,人民网－人民日报 ,http://jhsjk.people.cn/article/30996086
习近平主席给意大利罗马国立住读学校师生回信,3/19/2019,人民网－人民日报 ,http://jhsjk.people.cn/article/30982233
习近平主席给意大利罗马国立住读学校师生回信（全文）,3/18/2019,新华社 ,http://jhsjk.people.cn/article/30981628
习近平主席给意大利罗马国立住读学校师生回信,3/18/2019,新华社 ,http://jhsjk.people.cn/article/30981619
习近平：让全世界都能听到并听清中国声音,1/10/2019,人民网-中国共产党新闻网 ,http://jhsjk.people.cn/article/30514168
习近平关于改革开放论述中的这些用典，意义非凡！,12/12/2018,人民网-中国共产党新闻网 ,http://jhsjk.people.cn/article/30460908
习近平十一篇署名文章里的中外友谊,12/12/2018,人民网－人民日报海外版 ,http://jhsjk.people.cn/article/30460739
习近平在葡萄牙媒体发表署名文章：跨越时空的友谊 面向未来的伙伴,12/4/2018,人民网－人民日报 ,http://jhsjk.people.cn/article/30440243
习近平在葡萄牙媒体发表署名文章,12/3/2018,新华社 ,http://jhsjk.people.cn/article/30439073
习近平在巴拿马媒体发表署名文章：携手前进，共创未来,12/1/2018,人民网－人民日报 ,http://jhsjk.people.cn/article/30435823
习近平在巴拿马媒体发表署名文章,11/30/2018,新华社 ,http://jhsjk.people.cn/article/30435511
习近平谈精神文明建设：站在时代前沿，引领风气之先,11/30/2018,人民网-中国共产党新闻网 ,http://jhsjk.people.cn/article/30434980
习近平在阿根廷媒体发表署名文章：开创中阿关系新时代,11/29/2018,人民网－人民日报 ,http://jhsjk.people.cn/article/30431066
习近平在西班牙媒体发表署名文章：阔步迈进新时代，携手共创新辉煌,11/28/2018,人民网－人民日报 ,http://jhsjk.people.cn/article/30428717
习近平在西班牙媒体发表署名文章,11/27/2018,新华社 ,http://jhsjk.people.cn/article/30428432
习近平：共同开辟中菲关系新未来,11/20/2018,人民网－人民日报 ,http://jhsjk.people.cn/article/30409787
习近平在菲律宾媒体发表署名文章,11/19/2018,新华社 ,http://jhsjk.people.cn/article/30408780
习近平：携手共命运 同心促发展,9/4/2018,人民网－人民日报 ,http://jhsjk.people.cn/article/30269703
中非合作论坛北京峰会隆重开幕 习近平出席开幕式并发表主旨讲话,9/4/2018,人民网－人民日报 ,http://jhsjk.people.cn/article/30269698
习近平在2018年中非合作论坛北京峰会开幕式上的主旨讲话（全文）,9/3/2018,新华网 ,http://jhsjk.people.cn/article/30269497
习近平讲故事：文明发展离不开知识变革和思想先导,8/23/2018,人民网－人民日报海外版 ,http://jhsjk.people.cn/article/30245264
习近平主席访问中东非洲五国纪实,7/30/2018,人民网－人民日报 ,http://jhsjk.people.cn/article/30176769
习近平在南非媒体发表署名文章：携手开创中南友好新时代,7/23/2018,人民网－人民日报 ,http://jhsjk.people.cn/article/30162654
习近平在卢旺达媒体发表署名文章：中卢友谊情比山高,7/22/2018,人民网－人民日报 ,http://jhsjk.people.cn/article/30162242
习近平这样讲述“上海精神”,6/13/2018,人民网－人民日报海外版 ,http://jhsjk.people.cn/article/30053805
习近平在上海合作组织成员国元首理事会第十八次会议上的讲话,6/11/2018,人民网－人民日报 ,http://jhsjk.people.cn/article/30048672
习近平在上海合作组织成员国元首理事会 第十八次会议上的讲话（全文）,6/10/2018,新华社 ,http://jhsjk.people.cn/article/30048403
习近平在上海合作组织青岛峰会欢迎宴会上的祝酒辞,6/10/2018,人民网－人民日报 ,http://jhsjk.people.cn/article/30047890
习近平欢迎出席上海合作组织青岛峰会的外方领导人,6/10/2018,人民网－人民日报 ,http://jhsjk.people.cn/article/30047889
习近平的“上合情缘”：好邻居心连心，好朋友肩并肩，好伙伴手牵手,6/9/2018,人民网-国际频道 ,http://jhsjk.people.cn/article/30047668
习近平讲故事：中华文明历史悠久,5/24/2018,人民网－人民日报海外版 ,http://jhsjk.people.cn/article/30011164
习近平讲故事：“一命而偻，再命而伛，三命而俯”的启示,5/10/2018,人民网－人民日报海外版 ,http://jhsjk.people.cn/article/29975756
习近平：抓住培养社会主义建设者和接班人根本任务 努力建设中国特色世界一流大学,5/3/2018,人民网－人民日报 ,http://jhsjk.people.cn/article/29961630
习近平引用的从政箴言,4/4/2018,人民网－人民日报海外版 ,http://jhsjk.people.cn/article/29906312
习近平讲故事：中国人民是具有伟大创造精神的人民,3/29/2018,人民网－人民日报海外版 ,http://jhsjk.people.cn/article/29895242
习近平在第十三届全国人民代表大会第一次会议上的讲话,3/21/2018,人民网－人民日报 ,http://jhsjk.people.cn/article/29879544
习近平：环境就是民生，青山就是美丽，蓝天也是幸福,2/23/2018,人民网-中国共产党新闻网 ,http://jhsjk.people.cn/article/29830095
习近平：思想再解放改革再深入工作再抓实 推动全面深化改革在新起点上实现新突破,1/24/2018,人民网－人民日报 ,http://jhsjk.people.cn/article/29782596
习近平：思想再解放改革再深入工作再抓实 推动全面深化改革在新起点上实现新突破,1/23/2018,新华社 ,http://jhsjk.people.cn/article/29782296
习近平同冈比亚总统巴罗举行会谈,12/22/2017,人民网－人民日报 ,http://jhsjk.people.cn/article/29722377
习近平同冈比亚总统巴罗举行会谈,12/21/2017,新华社 ,http://jhsjk.people.cn/article/29722168
习近平在中国共产党与世界政党高层对话会上的主旨讲话,12/2/2017,人民网－人民日报 ,http://jhsjk.people.cn/article/29681332
习近平在德国媒体发表署名文章,7/5/2017,人民网－人民日报 ,http://jhsjk.people.cn/article/29384703
习近平在哈萨克斯坦媒体发表署名文章 为中哈关系插上梦想的翅膀,6/8/2017,人民网－人民日报 ,http://jhsjk.people.cn/article/29325185
习近平在哈萨克斯坦媒体发表署名文章,6/7/2017,新华社 ,http://jhsjk.people.cn/article/29324528
筑牢合作基石 深化友好交往：哈萨克斯坦各界期待习近平主席访问,6/4/2017,人民网－人民日报 ,http://jhsjk.people.cn/article/29316142
点燃中国冰雪运动的火炬,2/25/2017,人民网－人民日报 ,http://jhsjk.people.cn/article/29106997
习近平谈中华优秀传统文化：善于继承才能善于创新,2/13/2017,人民网-理论频道 ,http://jhsjk.people.cn/article/29075643
习近平：共同构建人类命运共同体,1/20/2017,人民网－人民日报 ,http://jhsjk.people.cn/article/29037658
习近平主席在联合国日内瓦总部的演讲（全文）,1/19/2017,新华社 ,http://jhsjk.people.cn/article/29034230
习近平在秘鲁媒体发表署名文章,11/18/2016,人民网－人民日报 ,http://jhsjk.people.cn/article/28877481
习近平治国理政关键词：文化自信 实现中国梦的精神动力,11/7/2016,人民网－人民日报海外版 ,http://jhsjk.people.cn/article/28840335
中华人民共和国和柬埔寨王国联合声明,10/14/2016,人民网－人民日报 ,http://jhsjk.people.cn/article/28777377
习近平在柬埔寨媒体发表署名文章,10/13/2016,人民网－人民日报 ,http://jhsjk.people.cn/article/28773968
习近平在柬埔寨媒体发表署名文章,10/12/2016,新华社 ,http://jhsjk.people.cn/article/28773542
习近平同白俄罗斯总统卢卡申科会谈,9/30/2016,人民网－人民日报 ,http://jhsjk.people.cn/article/28751567
中国外交的一面旗帜：正确义利观,8/11/2016,人民网－人民日报海外版 ,http://jhsjk.people.cn/article/28627513
习近平从严治党十八警句,7/1/2016,人民网－人民日报 ,http://jhsjk.people.cn/article/28514120
巩固传统友谊，弘扬上海精神，携手共创“一带一路”新辉煌,6/25/2016,人民网－人民日报 ,http://jhsjk.people.cn/article/28477755
习近平在乌兹别克斯坦媒体发表署名文章：谱写中乌友好新华章,6/22/2016,人民网－人民日报 ,http://jhsjk.people.cn/article/28467564
习近平同塞尔维亚总统尼科利奇会谈,6/19/2016,人民网－人民日报 ,http://jhsjk.people.cn/article/28455953
习近平同尼科利奇总统共同出席中国文化中心奠基仪式,6/18/2016,人民网－人民日报 ,http://jhsjk.people.cn/article/28454905
习近平在波兰媒体发表署名文章：推动中波友谊航船全速前进,6/18/2016,人民网－人民日报 ,http://jhsjk.people.cn/article/28454886
习近平在塞尔维亚媒体发表署名文章：永远的朋友 真诚的伙伴,6/17/2016,人民网－人民日报 ,http://jhsjk.people.cn/article/28451755
习近平在塞尔维亚媒体发表署名文章,6/16/2016,新华社 ,http://jhsjk.people.cn/article/28451439
习近平：为构建中美新型大国关系而不懈努力,6/7/2016,人民网－人民日报 ,http://jhsjk.people.cn/article/28416143
习近平在第八轮中美战略与经济对话和第七轮中美人文交流高层磋商联合开幕式上的讲话,6/6/2016,新华社 ,http://jhsjk.people.cn/article/28415061
习近平在哲学社会科学工作座谈会上的讲话,5/19/2016,人民网－人民日报 ,http://jhsjk.people.cn/article/28361550
习近平在省部级主要领导干部学习贯彻党的十八届五中全会精神专题研讨班上的讲话,5/10/2016,人民网－人民日报 ,http://jhsjk.people.cn/article/28337020
十三、绿水青山就是金山银山,5/9/2016,人民网－人民日报 ,http://jhsjk.people.cn/article/28333779
习近平同伊朗总统鲁哈尼会谈,1/24/2016,人民网－人民日报 ,http://jhsjk.people.cn/article/28079415
习近平：共同开创中阿关系的美好未来,1/22/2016,人民网－人民日报 ,http://jhsjk.people.cn/article/28075098
习近平在南非媒体发表署名文章,12/2/2015,人民网－人民日报 ,http://jhsjk.people.cn/article/27878817
习近平在南非媒体发表署名文章,12/1/2015,新华网 ,http://jhsjk.people.cn/article/27877704
二、全面建成小康社会,11/9/2015,人民网－中国共产党新闻网 ,http://jhsjk.people.cn/article/27793747
传承友谊、继往开来的和平之旅——习近平主席访问越南、新加坡成果丰硕,11/9/2015,人民网－人民日报 ,http://jhsjk.people.cn/article/27791500
习近平主席对英国进行国事访问侧记,10/25/2015,人民网－人民日报 ,http://jhsjk.people.cn/article/27736426
习近平对英国进行国事访问期间中英双方达成的成果,10/23/2015,人民网－人民日报 ,http://jhsjk.people.cn/article/27730639
习近平出席全英孔子学院和孔子课堂年会开幕式,10/23/2015,人民网－人民日报 ,http://jhsjk.people.cn/article/27730611
习近平在英国议会发表讲话,10/21/2015,人民网－人民日报 ,http://jhsjk.people.cn/article/27723352
习近平在文艺工作座谈会上的讲话,10/15/2015,人民网－人民日报 ,http://jhsjk.people.cn/article/27699249
“平语”近人——习近平如何回应“成长的烦恼”,9/11/2015,新华网 ,http://jhsjk.people.cn/article/27572118
习近平：推动国家发展，核心价值观是最持久最深沉的力量,8/3/2015,人民网－中国共产党新闻网 ,http://jhsjk.people.cn/article/27399954
习近平同安哥拉总统举行会谈,6/10/2015,人民网－人民日报 ,http://jhsjk.people.cn/article/27129690
习近平同安哥拉总统多斯桑托斯会谈,6/9/2015,新华网 ,http://jhsjk.people.cn/article/27128570
习近平：在中日友好交流大会上的讲话,5/25/2015,人民网－人民日报 ,http://jhsjk.people.cn/article/27050042
习近平同白俄罗斯总统卢卡申科举行会谈,5/11/2015,人民网－人民日报 ,http://jhsjk.people.cn/article/26977829
习近平在白俄罗斯媒体发表署名文章：让中白友好合作的乐章激越昂扬,5/9/2015,人民网－人民日报 ,http://jhsjk.people.cn/article/26973455
习近平在白俄罗斯媒体发表署名文章,5/8/2015,新华网 ,http://jhsjk.people.cn/article/26971981
习近平会见巴基斯坦友好人士和团体代表并颁发和平共处五项原则友谊奖,4/21/2015,人民网－人民日报 ,http://jhsjk.people.cn/article/26876806
习近平同亚美尼亚总统萨尔基相举行会谈,3/26/2015,人民网－人民日报 ,http://jhsjk.people.cn/article/26751128
习近平同亚美尼亚总统萨尔基相举行会谈,3/25/2015,新华网 ,http://jhsjk.people.cn/article/26750191
习近平总书记历次“春节考察”映射执政理念,2/17/2015,新华网 ,http://jhsjk.people.cn/article/26579086
习大大告诫省部级领导：不能把党的领导作为个人以权压法的挡箭牌,2/3/2015,,http://jhsjk.people.cn/article/26501833
习近平：努力做到“心不动于微利之诱，目不眩于五色之惑”,1/28/2015,人民网－中国共产党新闻网 ,http://jhsjk.people.cn/article/26464018
以零容忍态度惩治腐败，坚决遏制腐败现象蔓延势头,1/22/2015,人民网－中国共产党新闻网 ,http://jhsjk.people.cn/article/26433662
习近平：领导干部天马行空 迟早会出问题,1/20/2015,人民网－中国共产党新闻网 ,http://jhsjk.people.cn/article/26414036
"习近平部分\""反腐狠话\""首公开：凡腐必反 不定指标上不封顶",1/12/2015,人民网－中国共产党新闻网 ,http://jhsjk.people.cn/article/26366130
习近平的“第四个自信”,12/26/2014,,http://jhsjk.people.cn/article/26280109
从雁栖湖到太平洋——习近平主席大洋洲之行综述,11/28/2014,人民网－人民日报 ,http://jhsjk.people.cn/article/26109534
习近平：以心相交者成其久远 做同甘共苦的好兄弟,11/24/2014,人民网－中国共产党新闻网 ,http://jhsjk.people.cn/article/26078838
习近平会见一些太平洋岛国领导人,11/23/2014,人民网－人民日报 ,http://jhsjk.people.cn/article/26075714
习近平会见一些太平洋岛国领导人,11/22/2014,新华网 ,http://jhsjk.people.cn/article/26074081
习近平会见澳大利亚新南威尔士州州长,11/20/2014,人民网－人民日报 ,http://jhsjk.people.cn/article/26057969
说说习主席的澳洲缘,11/16/2014,新华网 ,http://jhsjk.people.cn/article/26034123
习近平：下更大决心保护生态环境,11/13/2014,新华网 ,http://jhsjk.people.cn/article/26017747
话诗文、引典故、拉家常……回顾习近平雁栖湖畔的连珠妙语,11/13/2014,人民网－中国共产党新闻网 ,http://jhsjk.people.cn/article/26015151
习主席讲述的中国典故和哲学,11/12/2014,新华网 ,http://jhsjk.people.cn/article/26009133
习近平在APEC欢迎宴会上的致辞,11/11/2014,,http://jhsjk.people.cn/article/26005522
习近平提及的古代国家治理思想典出何处？,10/15/2014,人民网-时政频道 ,http://jhsjk.people.cn/article/25838181
习近平8篇文稿首次公开发表 关于反腐论述摘编,9/29/2014,人民网－中国共产党新闻网 ,http://jhsjk.people.cn/article/25757418
习近平致信祝贺全球孔子学院建立十周年暨首个全球“孔子学院日”,9/28/2014,人民网－人民日报 ,http://jhsjk.people.cn/article/25748929
跟着习主席学传统文化之文明篇：温故而知新,9/26/2014,新华网 ,http://jhsjk.people.cn/article/25741615
习近平主席都在哪些场合阐述过传统文化？,9/25/2014,新华网 ,http://jhsjk.people.cn/article/25732056
习近平主席妙语论文明,9/25/2014,新华网 ,http://jhsjk.people.cn/article/25731956
习主席谈古说今论文化,9/25/2014,新华网 ,http://jhsjk.people.cn/article/25731934
一年内三次亲近儒家 习近平为何如此强调重拾传统文化？,9/25/2014,人民网－中国共产党新闻网 ,http://jhsjk.people.cn/article/25731729
习近平在纪念孔子诞辰2565周年国际学术研讨会暨国际儒学联合会第五届会员大会开幕会上的讲话,9/25/2014,人民网－人民日报 ,http://jhsjk.people.cn/article/25729647
习近平：从延续民族文化血脉中开拓前进 推进各种文明交流交融互学互鉴,9/25/2014,人民网－人民日报 ,http://jhsjk.people.cn/article/25729641
习近平在纪念孔子诞辰2565周年国际学术研讨会上的讲话,9/24/2014,新华网 ,http://jhsjk.people.cn/article/25727900
习近平：实现传统文化创造性转化 不能一股脑儿拿到今天照套照用,9/24/2014,新华网 ,http://jhsjk.people.cn/article/25727879
习近平呼吁维护世界文明多样性,9/24/2014,新华网 ,http://jhsjk.people.cn/article/25727878
习近平：不同国家、民族的思想文化有姹紫嫣红之别 无高低优劣之分,9/24/2014,新华网 ,http://jhsjk.people.cn/article/25727876
习近平：兼收并蓄不是囫囵吞枣、莫衷一是 而是要去粗取精、去伪存真,9/24/2014,新华网 ,http://jhsjk.people.cn/article/25727875
习近平：从延续民族文化血脉中开拓前进 推进各种文明交流交融互学互鉴,9/24/2014,新华网 ,http://jhsjk.people.cn/article/25726801
习近平出席纪念孔子诞辰2565周年国际学术研讨会并发表重要讲话,9/24/2014,新华网 ,http://jhsjk.people.cn/article/25726547
习近平同斯里兰卡总统拉贾帕克萨会谈,9/17/2014,人民网－人民日报 ,http://jhsjk.people.cn/article/25674559
跟着习大大去出访：你想知道的故事,9/16/2014,人民网 ,http://jhsjk.people.cn/article/25667727
登亚洲屋脊 望雄鹰展翅——习近平署名文章注读,9/11/2014,新华网 ,http://jhsjk.people.cn/article/25638977
习近平在塔吉克斯坦媒体发表署名文章,9/11/2014,人民网－人民日报 ,http://jhsjk.people.cn/article/25637865
习近平在塔吉克斯坦媒体发表署名文章,9/10/2014,新华网 ,http://jhsjk.people.cn/article/25636768
习近平：做党和人民满意的好老师,9/10/2014,人民网－人民日报 ,http://jhsjk.people.cn/article/25629946
“习近平谈核心价值观”——凝神聚气 强基固本,8/7/2014,人民网－人民日报海外版 ,http://jhsjk.people.cn/article/25418503
习近平在巴西国会的演讲：弘扬传统友好 共谱合作新篇,7/18/2014,人民网－人民日报 ,http://jhsjk.people.cn/article/25296593
习近平同巴西总统罗塞夫会谈,7/18/2014,人民网－人民日报 ,http://jhsjk.people.cn/article/25296563
习近平在巴西国会的演讲,7/17/2014,新华网 ,http://jhsjk.people.cn/article/25294417
习近平出席金砖国家领导人会晤并访拉美四国精彩话语集,7/17/2014,人民网－中国共产党新闻网 ,http://jhsjk.people.cn/article/25291774
习近平接受拉美四国媒体联合采访时引用的经典词句,7/16/2014,新华网 ,http://jhsjk.people.cn/article/25287753
习近平接受拉美四国媒体联合采访,7/15/2014,人民网－人民日报 ,http://jhsjk.people.cn/article/25280743
共创中韩合作未来 同襄亚洲振兴繁荣,7/5/2014,人民网－人民日报 ,http://jhsjk.people.cn/article/25242090
习近平在韩国国立首尔大学的演讲,7/4/2014,新华网 ,http://jhsjk.people.cn/article/25241564
习近平在北京市海淀区民族小学主持召开座谈会时的讲话,5/31/2014,人民网－人民日报 ,http://jhsjk.people.cn/article/25088947
习近平在中国国际友好大会暨中国人民对外友好协会成立60周年纪念活动上的讲话,5/16/2014,人民网－人民日报 ,http://jhsjk.people.cn/article/25024391
习近平在中国国际友好大会暨中国人民对外友好协会成立60周年纪念活动上的讲话,5/15/2014,新华网 ,http://jhsjk.people.cn/article/25023282
习得——习近平引用的古典名句·为学篇,5/13/2014,人民网－人民日报海外版 ,http://jhsjk.people.cn/article/25008277
习近平访欧十一天 一路文化一路诗,4/3/2014,人民网－人民日报海外版 ,http://jhsjk.people.cn/article/24811124
一桥飞架中欧——记习近平主席欧洲之行,4/3/2014,人民网－人民日报 ,http://jhsjk.people.cn/article/24811065
习近平在布鲁日欧洲学院的演讲,4/2/2014,人民网－人民日报 ,http://jhsjk.people.cn/article/24799696
习近平同德国汉学家、孔子学院教师代表和学习汉语的学生代表座谈,3/30/2014,人民网－人民日报 ,http://jhsjk.people.cn/article/24773105
习近平在中法建交五十周年纪念大会上的讲话,3/29/2014,人民网－人民日报 ,http://jhsjk.people.cn/article/24770826
习近平在中法建交50周年纪念大会上的讲话（全文）,3/28/2014,新华网 ,http://jhsjk.people.cn/article/24759793
习近平访问欧洲并出席第三届核安全峰会精彩话语集,3/26/2014,人民网－中国共产党新闻网 ,http://jhsjk.people.cn/article/24742454
习近平在法国《费加罗报》发表署名文章,3/26/2014,人民网－人民日报 ,http://jhsjk.people.cn/article/24736453
【独家特稿】总书记的“文艺范儿”,3/20/2014,人民网－中国共产党新闻网 ,http://jhsjk.people.cn/article/24686308
习近平同巴基斯坦总统侯赛因举行会谈,2/20/2014,人民网－人民日报 ,http://jhsjk.people.cn/article/24411264
习近平同巴基斯坦总统侯赛因举行会谈,2/19/2014,新华网 ,http://jhsjk.people.cn/article/24409367
国际积极评价习近平将出席索契冬奥会开幕式,2/5/2014,人民网-人民日报 ,http://jhsjk.people.cn/article/24282317
总书记的清新文风,1/17/2014,人民网－人民日报海外版 ,http://jhsjk.people.cn/article/24145459
习总书记要“仔细看”的儒学书籍,12/20/2013,人民网-人民日报海外版 ,http://jhsjk.people.cn/article/23894924
【高清图集】习近平在山东考察,11/29/2013,人民网－中国共产党新闻网 ,http://jhsjk.people.cn/article/23694123
习近平：汇聚起全面深化改革的强大正能量,11/29/2013,人民网－人民日报 ,http://jhsjk.people.cn/article/23690949
习近平：汇聚起全面深化改革的强大正能量,11/28/2013,新华网 ,http://jhsjk.people.cn/article/23688498
习近平：创造中华文化的新辉煌,11/26/2013,新华网 ,http://jhsjk.people.cn/article/23661987
习近平同巴林国王哈马德会谈时强调：构建长期稳定的中巴友好合作关系,9/17/2013,人民网－人民日报 ,http://jhsjk.people.cn/article/22943289
习近平出席上合组织峰会：传承丝路精神 共创美好明天,9/14/2013,人民网－人民日报 ,http://jhsjk.people.cn/article/22920577
结束中亚之行离开比什凯克 习近平主席回到北京,9/14/2013,人民网－人民日报 ,http://jhsjk.people.cn/article/22920554
习近平出席上合组织峰会：传承丝路精神 共创美好明天,9/14/2013,新华网 ,http://jhsjk.people.cn/article/22920504
中华人民共和国和吉尔吉斯共和国关于建立战略伙伴关系的联合宣言,9/12/2013,人民网－人民日报 ,http://jhsjk.people.cn/article/22893686
中华人民共和国和吉尔吉斯共和国关于建立战略伙伴关系的联合宣言（全文）,9/11/2013,新华网 ,http://jhsjk.people.cn/article/22889629
中华人民共和国和乌兹别克斯坦共和国关于进一步发展和深化战略伙伴关系的联合宣言,9/10/2013,人民网－人民日报 ,http://jhsjk.people.cn/article/22864576
习近平同乌兹别克斯坦总统卡里莫夫举行会谈,9/10/2013,人民网－人民日报 ,http://jhsjk.people.cn/article/22864550
习近平同乌兹别克斯坦总统卡里莫夫举行会谈,9/9/2013,新华网 ,http://jhsjk.people.cn/article/22860646
习近平在纳扎尔巴耶夫大学的演讲,9/8/2013,人民网-中国共产党新闻网 ,http://jhsjk.people.cn/article/22843712
习近平同塞尔维亚总统尼科利奇会谈,8/27/2013,人民网－人民日报 ,http://jhsjk.people.cn/article/22703245
习近平同塞尔维亚总统会谈 就深化中塞战略伙伴关系达成共识,8/26/2013,新华网 ,http://jhsjk.people.cn/article/22700511
习近平同白俄罗斯总统卢卡申科会谈,7/17/2013,人民网－人民日报 ,http://jhsjk.people.cn/article/22220701
习近平同白俄罗斯总统卢卡申科会谈,7/16/2013,新华网 ,http://jhsjk.people.cn/article/22219446
习近平：推动中非新型战略伙伴关系不断深入向前发展,7/11/2013,人民网－人民日报 ,http://jhsjk.people.cn/article/22156147
习近平和尼日利亚总统齐纳森举行会谈,7/10/2013,新华网 ,http://jhsjk.people.cn/article/22153442
习近平在墨西哥参议院的演讲：促进共同发展 共创美好未来,6/7/2013,人民网－人民日报 ,http://jhsjk.people.cn/article/21770184
习近平在墨西哥参议院的演讲(全文),6/6/2013,新华网 ,http://jhsjk.people.cn/article/21761957
习近平接受圣何塞城市钥匙,6/5/2013,人民网－人民日报 ,http://jhsjk.people.cn/article/21738935
习近平：中哥关系完全可以成为不同规模 不同国情国家友好合作的典范,6/5/2013,人民网－人民日报 ,http://jhsjk.people.cn/article/21738917
习近平接受圣何塞城市钥匙,6/4/2013,新华网 ,http://jhsjk.people.cn/article/21726188
习近平同哥斯达黎加总统钦奇利亚举行会谈,6/4/2013,新华网 ,http://jhsjk.people.cn/article/21725268
习近平结束对特立尼达和多巴哥的国事访问,6/3/2013,新华网 ,http://jhsjk.people.cn/article/21708549
中国将与哥斯达黎加签经贸质检文件,6/2/2013,新京报 ,http://jhsjk.people.cn/article/21703409
共同推进中特互利发展的友好合作关系,6/2/2013,人民网-人民日报 ,http://jhsjk.people.cn/article/21702617
习近平会见卡莫纳总统,6/2/2013,人民网-人民日报 ,http://jhsjk.people.cn/article/21702599
习近平接受拉美三国媒体联合书面采访,6/1/2013,人民网－人民日报 ,http://jhsjk.people.cn/article/21697871
习近平接受拉美三国媒体联合书面采访,5/31/2013,新华网 ,http://jhsjk.people.cn/article/21695687
习近平同塔吉克斯坦总统拉赫蒙会谈,5/21/2013,人民网－人民日报 ,http://jhsjk.people.cn/article/21551493
习近平同塔吉克斯坦总统拉赫蒙会谈,5/20/2013,新华网 ,http://jhsjk.people.cn/article/21544625
【特别关注】习近平同志近年来谈学习的10篇文章,4/28/2013,人民网-理论频道 ,http://jhsjk.people.cn/article/21321901
习近平同秘鲁总统乌马拉举行会谈,4/7/2013,人民网－人民日报 ,http://jhsjk.people.cn/article/21036132
习近平同芬兰总统尼尼斯特举行会谈,4/7/2013,人民网－人民日报 ,http://jhsjk.people.cn/article/21036136
习近平同秘鲁总统乌马拉举行会谈,4/6/2013,新华网 ,http://jhsjk.people.cn/article/21034038
习近平会见俄罗斯汉学家、学习汉语的学生和媒体代表,3/25/2013,人民网－人民日报 ,http://jhsjk.people.cn/article/20897941
习近平：顺应时代前进潮流 促进世界和平发展,3/24/2013,人民网－人民日报 ,http://jhsjk.people.cn/article/20893328
难忘的会面——三位俄罗斯友人谈与习近平的交往故事,3/19/2013,新华网 ,http://jhsjk.people.cn/article/20834341
“人民群众是我们力量的源泉”——记中共中央总书记习近平,12/25/2012,新华社 ,http://jhsjk.people.cn/article/20008291
习近平同外国专家代表座谈时强调:中国是合作共赢倡导者践行者,12/6/2012,人民网－人民日报 ,http://jhsjk.people.cn/article/19806788
