﻿﻿Title,Date,Source,Link
习近平在第十三届全国人民代表大会第一次会议上的讲话,5/15/2020,《求是》 ,http://jhsjk.people.cn/article/31710993
习近平：努力造就一支忠诚干净担当的高素质干部队伍,1/15/2019,,http://jhsjk.people.cn/article/30544006
习近平讲故事：文明发展离不开知识变革和思想先导,8/23/2018,人民网－人民日报海外版 ,http://jhsjk.people.cn/article/30245264
习近平讲故事：中华文明历史悠久,5/24/2018,人民网－人民日报海外版 ,http://jhsjk.people.cn/article/30011164
习近平讲故事：中国人民是具有伟大创造精神的人民,3/29/2018,人民网－人民日报海外版 ,http://jhsjk.people.cn/article/29895242
习近平金句熠熠生辉,3/21/2018,人民网－人民日报海外版 ,http://jhsjk.people.cn/article/29879574
习近平在哲学社会科学工作座谈会上的讲话,5/19/2016,人民网－人民日报 ,http://jhsjk.people.cn/article/28361550
习近平论“法治”：奉法者强则国强,3/16/2015,人民网－中国共产党新闻网 ,http://jhsjk.people.cn/article/26697660
习近平提及的古代国家治理思想典出何处？,10/15/2014,人民网-时政频道 ,http://jhsjk.people.cn/article/25838181
习近平教育实践活动总结大会讲话引文典出何处,10/9/2014,新华网 ,http://jhsjk.people.cn/article/25796669
习近平引经据典谈反腐,1/18/2014,人民网－人民日报海外版 ,http://jhsjk.people.cn/article/24156739
