﻿﻿﻿﻿Title,Date,Source,Link
习近平同外国专家代表座谈时强调:中国是合作共赢倡导者践行者,12/6/2012,人民网－人民日报 ,http://jhsjk.people.cn/article/19806788
“人民群众是我们力量的源泉”——记中共中央总书记习近平,12/25/2012,新华社 ,http://jhsjk.people.cn/article/20008291
习近平：顺应时代前进潮流 促进世界和平发展,3/24/2013,人民网－人民日报 ,http://jhsjk.people.cn/article/20893328
【特别关注】习近平同志近年来谈学习的10篇文章,4/28/2013,人民网-理论频道 ,http://jhsjk.people.cn/article/21321901
习近平在墨西哥参议院的演讲(全文),6/6/2013,新华网 ,http://jhsjk.people.cn/article/21761957
习近平在墨西哥参议院的演讲：促进共同发展 共创美好未来,6/7/2013,人民网－人民日报 ,http://jhsjk.people.cn/article/21770184
习近平：创造中华文化的新辉煌,11/26/2013,新华网 ,http://jhsjk.people.cn/article/23661987
习近平：汇聚起全面深化改革的强大正能量,11/29/2013,人民网－人民日报 ,http://jhsjk.people.cn/article/23690949
【高清图集】习近平在山东考察,11/29/2013,人民网－中国共产党新闻网 ,http://jhsjk.people.cn/article/23694123
习总书记要“仔细看”的儒学书籍,12/20/2013,人民网-人民日报海外版 ,http://jhsjk.people.cn/article/23894924
总书记的清新文风,1/17/2014,人民网－人民日报海外版 ,http://jhsjk.people.cn/article/24145459
【独家特稿】总书记的“文艺范儿”,3/20/2014,人民网－中国共产党新闻网 ,http://jhsjk.people.cn/article/24686308
习近平在法国《费加罗报》发表署名文章,3/26/2014,人民网－人民日报 ,http://jhsjk.people.cn/article/24736453
习近平访问欧洲并出席第三届核安全峰会精彩话语集,3/26/2014,人民网－中国共产党新闻网 ,http://jhsjk.people.cn/article/24742454
习近平在中法建交50周年纪念大会上的讲话（全文）,3/28/2014,新华网 ,http://jhsjk.people.cn/article/24759793
习近平在布鲁日欧洲学院的演讲,4/2/2014,人民网－人民日报 ,http://jhsjk.people.cn/article/24799696
习近平访欧十一天 一路文化一路诗,4/3/2014,人民网－人民日报海外版 ,http://jhsjk.people.cn/article/24811124
习得——习近平引用的古典名句·为学篇,5/13/2014,人民网－人民日报海外版 ,http://jhsjk.people.cn/article/25008277
习近平在中国国际友好大会暨中国人民对外友好协会成立60周年纪念活动上的讲话,5/16/2014,人民网－人民日报 ,http://jhsjk.people.cn/article/25024391
习近平在北京市海淀区民族小学主持召开座谈会时的讲话,5/31/2014,人民网－人民日报 ,http://jhsjk.people.cn/article/25088947
习近平在韩国国立首尔大学的演讲,7/4/2014,新华网 ,http://jhsjk.people.cn/article/25241564
共创中韩合作未来 同襄亚洲振兴繁荣,7/5/2014,人民网－人民日报 ,http://jhsjk.people.cn/article/25242090
习近平接受拉美四国媒体联合采访,7/15/2014,人民网－人民日报 ,http://jhsjk.people.cn/article/25280743
习近平接受拉美四国媒体联合采访时引用的经典词句,7/16/2014,新华网 ,http://jhsjk.people.cn/article/25287753
习近平出席金砖国家领导人会晤并访拉美四国精彩话语集,7/17/2014,人民网－中国共产党新闻网 ,http://jhsjk.people.cn/article/25291774
习近平在巴西国会的演讲,7/17/2014,新华网 ,http://jhsjk.people.cn/article/25294417
习近平在巴西国会的演讲：弘扬传统友好 共谱合作新篇,7/18/2014,人民网－人民日报 ,http://jhsjk.people.cn/article/25296593
“习近平谈核心价值观”——凝神聚气 强基固本,8/7/2014,人民网－人民日报海外版 ,http://jhsjk.people.cn/article/25418503
习近平：做党和人民满意的好老师,9/10/2014,人民网－人民日报 ,http://jhsjk.people.cn/article/25629946
登亚洲屋脊 望雄鹰展翅——习近平署名文章注读,9/11/2014,新华网 ,http://jhsjk.people.cn/article/25638977
习近平：兼收并蓄不是囫囵吞枣、莫衷一是 而是要去粗取精、去伪存真,9/24/2014,新华网 ,http://jhsjk.people.cn/article/25727875
习近平：不同国家、民族的思想文化有姹紫嫣红之别 无高低优劣之分,9/24/2014,新华网 ,http://jhsjk.people.cn/article/25727876
习近平呼吁维护世界文明多样性,9/24/2014,新华网 ,http://jhsjk.people.cn/article/25727878
习近平：实现传统文化创造性转化 不能一股脑儿拿到今天照套照用,9/24/2014,新华网 ,http://jhsjk.people.cn/article/25727879
习近平在纪念孔子诞辰2565周年国际学术研讨会上的讲话,9/24/2014,新华网 ,http://jhsjk.people.cn/article/25727900
习近平：从延续民族文化血脉中开拓前进 推进各种文明交流交融互学互鉴,9/25/2014,人民网－人民日报 ,http://jhsjk.people.cn/article/25729641
习近平在纪念孔子诞辰2565周年国际学术研讨会暨国际儒学联合会第五届会员大会开幕会上的讲话,9/25/2014,人民网－人民日报 ,http://jhsjk.people.cn/article/25729647
一年内三次亲近儒家 习近平为何如此强调重拾传统文化？,9/25/2014,人民网－中国共产党新闻网 ,http://jhsjk.people.cn/article/25731729
习主席谈古说今论文化,9/25/2014,新华网 ,http://jhsjk.people.cn/article/25731934
习近平主席妙语论文明,9/25/2014,新华网 ,http://jhsjk.people.cn/article/25731956
习近平主席都在哪些场合阐述过传统文化？,9/25/2014,新华网 ,http://jhsjk.people.cn/article/25732056
跟着习主席学传统文化之文明篇：温故而知新,9/26/2014,新华网 ,http://jhsjk.people.cn/article/25741615
习近平8篇文稿首次公开发表 关于反腐论述摘编,9/29/2014,人民网－中国共产党新闻网 ,http://jhsjk.people.cn/article/25757418
习近平提及的古代国家治理思想典出何处？,10/15/2014,人民网-时政频道 ,http://jhsjk.people.cn/article/25838181
习近平在APEC欢迎宴会上的致辞,11/11/2014,,http://jhsjk.people.cn/article/26005522
习主席讲述的中国典故和哲学,11/12/2014,新华网 ,http://jhsjk.people.cn/article/26009133
话诗文、引典故、拉家常……回顾习近平雁栖湖畔的连珠妙语,11/13/2014,人民网－中国共产党新闻网 ,http://jhsjk.people.cn/article/26015151
习近平：下更大决心保护生态环境,11/13/2014,新华网 ,http://jhsjk.people.cn/article/26017747
说说习主席的澳洲缘,11/16/2014,新华网 ,http://jhsjk.people.cn/article/26034123
习近平会见澳大利亚新南威尔士州州长,11/20/2014,人民网－人民日报 ,http://jhsjk.people.cn/article/26057969
习近平的“第四个自信”,12/26/2014,,http://jhsjk.people.cn/article/26280109
"习近平部分\""反腐狠话\""首公开：凡腐必反 不定指标上不封顶",1/12/2015,人民网－中国共产党新闻网 ,http://jhsjk.people.cn/article/26366130
习近平：领导干部天马行空 迟早会出问题,1/20/2015,人民网－中国共产党新闻网 ,http://jhsjk.people.cn/article/26414036
以零容忍态度惩治腐败，坚决遏制腐败现象蔓延势头,1/22/2015,人民网－中国共产党新闻网 ,http://jhsjk.people.cn/article/26433662
习近平：努力做到“心不动于微利之诱，目不眩于五色之惑”,1/28/2015,人民网－中国共产党新闻网 ,http://jhsjk.people.cn/article/26464018
习大大告诫省部级领导：不能把党的领导作为个人以权压法的挡箭牌,2/3/2015,,http://jhsjk.people.cn/article/26501833
习近平总书记历次“春节考察”映射执政理念,2/17/2015,新华网 ,http://jhsjk.people.cn/article/26579086
习近平：在中日友好交流大会上的讲话,5/25/2015,人民网－人民日报 ,http://jhsjk.people.cn/article/27050042
习近平：推动国家发展，核心价值观是最持久最深沉的力量,8/3/2015,人民网－中国共产党新闻网 ,http://jhsjk.people.cn/article/27399954
“平语”近人——习近平如何回应“成长的烦恼”,9/11/2015,新华网 ,http://jhsjk.people.cn/article/27572118
习近平在文艺工作座谈会上的讲话,10/15/2015,人民网－人民日报 ,http://jhsjk.people.cn/article/27699249
习近平出席全英孔子学院和孔子课堂年会开幕式,10/23/2015,人民网－人民日报 ,http://jhsjk.people.cn/article/27730611
习近平对英国进行国事访问期间中英双方达成的成果,10/23/2015,人民网－人民日报 ,http://jhsjk.people.cn/article/27730639
二、全面建成小康社会,11/9/2015,人民网－中国共产党新闻网 ,http://jhsjk.people.cn/article/27793747
十三、绿水青山就是金山银山,5/9/2016,人民网－人民日报 ,http://jhsjk.people.cn/article/28333779
习近平在省部级主要领导干部学习贯彻党的十八届五中全会精神专题研讨班上的讲话,5/10/2016,人民网－人民日报 ,http://jhsjk.people.cn/article/28337020
习近平在哲学社会科学工作座谈会上的讲话,5/19/2016,人民网－人民日报 ,http://jhsjk.people.cn/article/28361550
习近平在第八轮中美战略与经济对话和第七轮中美人文交流高层磋商联合开幕式上的讲话,6/6/2016,新华社 ,http://jhsjk.people.cn/article/28415061
习近平：为构建中美新型大国关系而不懈努力,6/7/2016,人民网－人民日报 ,http://jhsjk.people.cn/article/28416143
习近平在波兰媒体发表署名文章：推动中波友谊航船全速前进,6/18/2016,人民网－人民日报 ,http://jhsjk.people.cn/article/28454886
习近平同尼科利奇总统共同出席中国文化中心奠基仪式,6/18/2016,人民网－人民日报 ,http://jhsjk.people.cn/article/28454905
习近平在乌兹别克斯坦媒体发表署名文章：谱写中乌友好新华章,6/22/2016,人民网－人民日报 ,http://jhsjk.people.cn/article/28467564
巩固传统友谊，弘扬上海精神，携手共创“一带一路”新辉煌,6/25/2016,人民网－人民日报 ,http://jhsjk.people.cn/article/28477755
习近平从严治党十八警句,7/1/2016,人民网－人民日报 ,http://jhsjk.people.cn/article/28514120
中国外交的一面旗帜：正确义利观,8/11/2016,人民网－人民日报海外版 ,http://jhsjk.people.cn/article/28627513
习近平治国理政关键词：文化自信 实现中国梦的精神动力,11/7/2016,人民网－人民日报海外版 ,http://jhsjk.people.cn/article/28840335
习近平主席在联合国日内瓦总部的演讲（全文）,1/19/2017,新华社 ,http://jhsjk.people.cn/article/29034230
习近平谈中华优秀传统文化：善于继承才能善于创新,2/13/2017,人民网-理论频道 ,http://jhsjk.people.cn/article/29075643
点燃中国冰雪运动的火炬,2/25/2017,人民网－人民日报 ,http://jhsjk.people.cn/article/29106997
习近平在中国共产党与世界政党高层对话会上的主旨讲话,12/2/2017,人民网－人民日报 ,http://jhsjk.people.cn/article/29681332
习近平：环境就是民生，青山就是美丽，蓝天也是幸福,2/23/2018,人民网-中国共产党新闻网 ,http://jhsjk.people.cn/article/29830095
习近平讲故事：中国人民是具有伟大创造精神的人民,3/29/2018,人民网－人民日报海外版 ,http://jhsjk.people.cn/article/29895242
习近平引用的从政箴言,4/4/2018,人民网－人民日报海外版 ,http://jhsjk.people.cn/article/29906312
习近平：抓住培养社会主义建设者和接班人根本任务 努力建设中国特色世界一流大学,5/3/2018,人民网－人民日报 ,http://jhsjk.people.cn/article/29961630
习近平讲故事：“一命而偻，再命而伛，三命而俯”的启示,5/10/2018,人民网－人民日报海外版 ,http://jhsjk.people.cn/article/29975756
习近平讲故事：中华文明历史悠久,5/24/2018,人民网－人民日报海外版 ,http://jhsjk.people.cn/article/30011164
习近平的“上合情缘”：好邻居心连心，好朋友肩并肩，好伙伴手牵手,6/9/2018,人民网-国际频道 ,http://jhsjk.people.cn/article/30047668
习近平欢迎出席上海合作组织青岛峰会的外方领导人,6/10/2018,人民网－人民日报 ,http://jhsjk.people.cn/article/30047889
习近平在上海合作组织青岛峰会欢迎宴会上的祝酒辞,6/10/2018,人民网－人民日报 ,http://jhsjk.people.cn/article/30047890
习近平在上海合作组织成员国元首理事会 第十八次会议上的讲话（全文）,6/10/2018,新华社 ,http://jhsjk.people.cn/article/30048403
习近平这样讲述“上海精神”,6/13/2018,人民网－人民日报海外版 ,http://jhsjk.people.cn/article/30053805
习近平主席访问中东非洲五国纪实,7/30/2018,人民网－人民日报 ,http://jhsjk.people.cn/article/30176769
习近平讲故事：文明发展离不开知识变革和思想先导,8/23/2018,人民网－人民日报海外版 ,http://jhsjk.people.cn/article/30245264
习近平：共同开辟中菲关系新未来,11/20/2018,人民网－人民日报 ,http://jhsjk.people.cn/article/30409787
习近平谈精神文明建设：站在时代前沿，引领风气之先,11/30/2018,人民网-中国共产党新闻网 ,http://jhsjk.people.cn/article/30434980
习近平十一篇署名文章里的中外友谊,12/12/2018,人民网－人民日报海外版 ,http://jhsjk.people.cn/article/30460739
习近平关于改革开放论述中的这些用典，意义非凡！,12/12/2018,人民网-中国共产党新闻网 ,http://jhsjk.people.cn/article/30460908
习近平主席给意大利罗马国立住读学校师生回信（全文）,3/18/2019,新华社 ,http://jhsjk.people.cn/article/30981628
“一笔宝贵的财富”,3/26/2019,人民网－人民日报 ,http://jhsjk.people.cn/article/30996086
习近平：一个国家、一个民族不能没有灵魂,4/15/2019,,http://jhsjk.people.cn/article/31030863
推动文明交流互鉴，习近平倡导这样的“中国态度”,5/14/2019,人民网-中国共产党新闻网 ,http://jhsjk.people.cn/article/31082994
习近平：深入理解新发展理念,5/16/2019,,http://jhsjk.people.cn/article/31088253
话端阳 品传统，跟习近平总书记学中华文化传承之道,6/7/2019,人民网-中国共产党新闻网 ,http://jhsjk.people.cn/article/31124904
六年六次讲话！习近平的“上合声音”,6/12/2019,人民网-中国共产党新闻网 ,http://jhsjk.people.cn/article/31133386
习近平：坚定文化自信，建设社会主义文化强国,6/15/2019,《求是》 ,http://jhsjk.people.cn/article/31154163
昭昭史鉴倡反腐！带您品读习近平十大廉政用典,10/12/2019,人民网-中国共产党新闻网 ,http://jhsjk.people.cn/article/31395372
习近平在希腊媒体发表署名文章,11/11/2019,人民网－人民日报 ,http://jhsjk.people.cn/article/31447109
习近平同希腊总理米佐塔基斯会谈,11/12/2019,人民网－人民日报 ,http://jhsjk.people.cn/article/31449366
共产党人的政治灵魂——习近平这样论述马克思主义,5/5/2020,人民网-中国共产党新闻网 ,http://jhsjk.people.cn/article/31697161
习近平在第十三届全国人民代表大会第一次会议上的讲话,5/15/2020,《求是》 ,http://jhsjk.people.cn/article/31710993
共同构建人类命运共同体,1/1/2021,《求是》 ,http://jhsjk.people.cn/article/31986596
学史明理 学史增信 学史崇德 学史力行,7/2/2021,求是网 ,http://jhsjk.people.cn/article/32147327
