﻿﻿﻿﻿Title,Date,Source,Link
习近平主席在联合国日内瓦总部的演讲（全文）,1/19/2017,新华社 ,http://jhsjk.people.cn/article/29034230
习近平讲故事：中国人民是具有伟大创造精神的人民,3/29/2018,人民网－人民日报海外版 ,http://jhsjk.people.cn/article/29895242
习近平：抓住培养社会主义建设者和接班人根本任务 努力建设中国特色世界一流大学,5/3/2018,人民网－人民日报 ,http://jhsjk.people.cn/article/29961630
习近平谈和平发展：让人类命运共同体建设的阳光普照世界,8/28/2018,人民网-中国共产党新闻网 ,http://jhsjk.people.cn/article/30255942
“历史是最好的教科书”！听习近平这样讲述“战争与和平”,7/7/2019,人民网-中国共产党新闻网 ,http://jhsjk.people.cn/article/31218073
习近平在第十三届全国人民代表大会第一次会议上的讲话,5/15/2020,《求是》 ,http://jhsjk.people.cn/article/31710993
共同构建人类命运共同体,1/1/2021,《求是》 ,http://jhsjk.people.cn/article/31986596
