﻿﻿Title,Date,Source,Link
用好红色资源 赓续红色血脉 努力创造无愧于历史和人民的新业绩,9/30/2021,,http://jhsjk.people.cn/article/32244129
习近平在第十三届全国人民代表大会第一次会议上的讲话,5/15/2020,《求是》 ,http://jhsjk.people.cn/article/31710993
习近平在希腊媒体发表署名文章,11/11/2019,人民网－人民日报 ,http://jhsjk.people.cn/article/31447109
习近平：坚定文化自信，建设社会主义文化强国,6/15/2019,《求是》 ,http://jhsjk.people.cn/article/31154163
习近平：关于坚持和发展中国特色社会主义的几个问题,3/31/2019,,http://jhsjk.people.cn/article/31005184
习近平讲故事：文明发展离不开知识变革和思想先导,8/23/2018,人民网－人民日报海外版 ,http://jhsjk.people.cn/article/30245264
习近平讲故事：中华文明历史悠久,5/24/2018,人民网－人民日报海外版 ,http://jhsjk.people.cn/article/30011164
习近平讲故事：中国人民是具有伟大创造精神的人民,3/29/2018,人民网－人民日报海外版 ,http://jhsjk.people.cn/article/29895242
习近平谈群团工作：坚持为党分忧、为民谋利,11/27/2017,人民网-中国共产党新闻网 ,http://jhsjk.people.cn/article/29668713
习近平在哲学社会科学工作座谈会上的讲话,5/19/2016,人民网－人民日报 ,http://jhsjk.people.cn/article/28361550
习近平在文艺工作座谈会上的讲话,10/15/2015,人民网－人民日报 ,http://jhsjk.people.cn/article/27699249
习近平：推动国家发展，核心价值观是最持久最深沉的力量,8/3/2015,人民网－中国共产党新闻网 ,http://jhsjk.people.cn/article/27399954
习近平对秘书起草文稿的质量要求,12/19/2014,,http://jhsjk.people.cn/article/26239840
习近平在北京市海淀区民族小学主持召开座谈会时的讲话,5/31/2014,人民网－人民日报 ,http://jhsjk.people.cn/article/25088947
【独家特稿】习近平的“演讲范儿”,4/2/2014,人民网－中国共产党新闻网 ,http://jhsjk.people.cn/article/24805495
习近平在中法建交50周年纪念大会上的讲话（全文）,3/28/2014,新华网 ,http://jhsjk.people.cn/article/24759793
习近平在墨西哥参议院的演讲：促进共同发展 共创美好未来,6/7/2013,人民网－人民日报 ,http://jhsjk.people.cn/article/21770184
习近平在墨西哥参议院的演讲(全文),6/6/2013,新华网 ,http://jhsjk.people.cn/article/21761957
