﻿Title,Date,Source,Link
习近平在第十三届全国人民代表大会第一次会议上的讲话,2020-05-15,《求是》 ,http://jhsjk.people.cn/article/31710993
习近平：在黄河流域生态保护和高质量发展座谈会上的讲话,2019-10-15,求是 ,http://jhsjk.people.cn/article/31401625
习近平：坚定文化自信，建设社会主义文化强国,2019-06-15,《求是》 ,http://jhsjk.people.cn/article/31154163
习近平：一个国家、一个民族不能没有灵魂,2019-04-15,,http://jhsjk.people.cn/article/31030863
习近平：推动我国生态文明建设迈上新台阶,2019-01-31,,http://jhsjk.people.cn/article/30603656
习近平：让全世界都能听到并听清中国声音,2019-01-10,人民网-中国共产党新闻网 ,http://jhsjk.people.cn/article/30514168
习近平关于改革开放论述中的这些用典，意义非凡！,2018-12-12,人民网-中国共产党新闻网 ,http://jhsjk.people.cn/article/30460908
习近平讲故事：文明发展离不开知识变革和思想先导,2018-08-23,人民网－人民日报海外版 ,http://jhsjk.people.cn/article/30245264
习近平讲故事：中华文明历史悠久,2018-05-24,人民网－人民日报海外版 ,http://jhsjk.people.cn/article/30011164
习近平讲故事：中国人民是具有伟大创造精神的人民,2018-03-29,人民网－人民日报海外版 ,http://jhsjk.people.cn/article/29895242
习近平在第十三届全国人民代表大会第一次会议上的讲话,2018-03-21,人民网－人民日报 ,http://jhsjk.people.cn/article/29879544
新年戏曲晚会在京举行 习近平出席观看,2016-12-31,人民网－人民日报 ,http://jhsjk.people.cn/article/28990892
习近平在哲学社会科学工作座谈会上的讲话,2016-05-19,人民网－人民日报 ,http://jhsjk.people.cn/article/28361550
习近平对世界如是说,2015-11-23,人民网－人民日报海外版 ,http://jhsjk.people.cn/article/27842860
习近平在文艺工作座谈会上的讲话,2015-10-15,人民网－人民日报 ,http://jhsjk.people.cn/article/27699249
习近平：推动国家发展，核心价值观是最持久最深沉的力量,2015-08-03,人民网－中国共产党新闻网 ,http://jhsjk.people.cn/article/27399954
习近平：努力做到“心不动于微利之诱，目不眩于五色之惑”,2015-01-28,人民网－中国共产党新闻网 ,http://jhsjk.people.cn/article/26464018
习近平：不是个人有主见、有个性就要说了算,2015-01-20,人民网－中国共产党新闻网 ,http://jhsjk.people.cn/article/26416539
习近平：干部不能不给钱不办事，收了钱乱办事,2015-01-19,人民网－中国共产党新闻网 ,http://jhsjk.people.cn/article/26410305
领导人的2014年：累并快乐着,2014-12-11,人民网－人民日报海外版 ,http://jhsjk.people.cn/article/26186370
习近平同爱尔兰总统希金斯会谈,2014-12-10,人民网－人民日报 ,http://jhsjk.people.cn/article/26178958
习近平同爱尔兰总统希金斯举行会谈,2014-12-09,新华社 ,http://jhsjk.people.cn/article/26177594
习近平“押中”国考题？,2014-12-01,,http://jhsjk.people.cn/article/26122959
习近平最近又用了哪些古典名句,2014-11-29,海外网 ,http://jhsjk.people.cn/article/26118100
习近平：下更大决心保护生态环境,2014-11-13,新华网 ,http://jhsjk.people.cn/article/26017747
话诗文、引典故、拉家常……回顾习近平雁栖湖畔的连珠妙语,2014-11-13,人民网－中国共产党新闻网 ,http://jhsjk.people.cn/article/26015151
习主席讲述的中国典故和哲学,2014-11-12,新华网 ,http://jhsjk.people.cn/article/26009133
习近平在APEC欢迎宴会上的致辞,2014-11-11,,http://jhsjk.people.cn/article/26005522
习近平教育实践活动总结大会讲话引文典出何处,2014-10-09,新华网 ,http://jhsjk.people.cn/article/25796669
习近平在北京市海淀区民族小学主持召开座谈会时的讲话,2014-05-31,人民网－人民日报 ,http://jhsjk.people.cn/article/25088947
习近平引用的古典名句（治理篇）,2014-05-22,人民网－人民日报海外版 ,http://jhsjk.people.cn/article/25048530
习得——习近平引用的古典名句·民本篇,2014-05-15,人民网－人民日报海外版 ,http://jhsjk.people.cn/article/25018749
习近平魅力访欧都说了什么？,2014-04-04,人民网－人民日报海外版 ,http://jhsjk.people.cn/article/24822318
习近平访欧十一天 一路文化一路诗,2014-04-03,人民网－人民日报海外版 ,http://jhsjk.people.cn/article/24811124
【独家特稿】习近平的“演讲范儿”,2014-04-02,人民网－中国共产党新闻网 ,http://jhsjk.people.cn/article/24805495
习近平在布鲁日欧洲学院的演讲,2014-04-02,人民网－人民日报 ,http://jhsjk.people.cn/article/24799696
习近平在德国科尔伯基金会的演讲（全文）,2014-03-30,人民网－人民日报 ,http://jhsjk.people.cn/article/24773108
习近平在中法建交五十周年纪念大会上的讲话,2014-03-29,人民网－人民日报 ,http://jhsjk.people.cn/article/24770826
习近平在中法建交50周年纪念大会上的讲话（全文）,2014-03-28,新华网 ,http://jhsjk.people.cn/article/24759793
【独家特稿】习主席的“国际范儿”,2014-03-25,人民网－中国共产党新闻网 ,http://jhsjk.people.cn/article/24730980
