,Dates,Country,Locations,Details
1,20–21 April 2015,Pakistan,"Islamabad, Murree",See 2015 Xi Jinping visit to Pakistan.
1,22–24 April 2015,Indonesia,Jakarta,[citation needed]
2,7 May 2015,Kazakhstan,Astana,[39]
2,8–9 May 2015,Russia,Moscow,See 2015 Moscow Victory Day Parade[40]
2,10–11 May 2015,Belarus,Minsk,[41]
3,8–11 July 2015,Russia,Ufa,Attendance to the 7th BRICS summit and the 15th meeting of the Shanghai Cooperation Organisation.
4,22–28 September 2015,United States,"Seattle, Washington D.C., New York City",See 2015 Xi Jinping visit to the United States.
5,19–24 October 2015,United Kingdom,"London, Manchester",See 2015 Xi Jinping visit to the United Kingdom.
6,5–6 November 2015,Vietnam,Hanoi,State visit.[citation needed]
6,6–7 November 2015,Singapore,Singapore,State visit and Ma–Xi meeting.[citation needed]
7,14–16 November 2015,Turkey,Antalya,State visit and attendance to 10th G20 summit.[42]
7,17–19 November 2015,Philippines,Manila,27th meeting of the Asia-Pacific Economic Cooperation.[citation needed]
8,29–30 November 2015,France,Paris,Attendance to the 2015 United Nations Climate Change Conference.[43]
8,30 November–1 December 2015,Zimbabwe,Harare,[44]
8,2–5 December 2015,South Africa,"Pretoria, Johannesburg",[45][46]
