,Dates,Country,Locations,Details
1,20 July 2018,United Arab Emirates,Abu Dhabi,[70]
1,21 July 2018,Senegal,Dakar,[71]
1,22 July 2018,Rwanda,Kigali,Xi and Peng Liyuan met with President Paul Kagame and his wife Jeannette Kagame. First visit by a Chinese head of state.[72]
1,24–27 July 2018,South Africa,"Pretoria, Johannesburg",State visit and attendance to 10th BRICS summit.[73]
1,27 July 2018,Mauritius,Port Louis,[74]
2,11–13 September 2018,Russia,Vladivostok,Attendance to the 4th Eastern Economic Forum.[75]
3,16–17 November 2018,Papua New Guinea,Port Moresby,State visit and attendance to APEC Papua New Guinea 2018.[76][77]
3,18–20 November 2018,Brunei,Bandar Seri Begawan,[78][79]
3,20–21 November 2018,Philippines,Manila,State visit[80]
4,27–29 November 2018,Spain,Madrid,"Met with the King Felipe VI, Prime Minister Pedro Sánchez and speakers of the Congress and Senate. Multiple bilateral relationship issues were discussed, including an invitation for Spain to join the Belt and Road Initiative. Agreements were signed addressing double taxation, scientific products or exports of Spanish food products.[81]"
4,30 November–1 December 2018,Argentina,Buenos Aires,State visit and attendance to the 13th G20 summit.[82]
4,3 December 2018,Panama,Panama City,[83]
4,4–5 December 2018,Portugal,Lisbon,[84]
