,Dates,Country,Locations,Details
1,22–24 March 2019,Italy,Rome,See 2019 Xi Jinping Italy and France visit
1,24 March 2019,Monaco,Monaco,"Met with Albert II, Prince of Monaco"
1,24–26 March 2019,France,NiceParis,See 2019 Xi Jinping Italy and France visit
2,5–8 June 2019,Russia,MoscowSt. Petersburg,State visit and attendance at the St. Petersburg International Economic Forum.
3,12–14 June 2019,Kyrgyzstan,Bishkek,State visit and attendance to the meeting of the Shanghai Cooperation Organisation.
3,14–16 June 2019,Tajikistan,Dushanbe,State visit and attendance to the meeting of the Conference on Interaction and Confidence-Building Measures in Asia.[85][86]
4,20–21 June 2019,North Korea,Pyongyang,State visit. See Kim–Xi meetings.[87]
5,27–29 June 2019,Japan,Osaka,Attendance to the 14th G20 summit.
6,11–12 October 2019,India,Chennai Mahabalipuram,Informal summit with the Indian Prime Minister Narendra Modi
6,12–13 October 2019,Nepal,Kathmandu,State visit.
7,10–12 November 2019,Greece,Athens,State visit.
7,12–14 November 2019,Brazil,Brasília,Attendance to the 11th BRICS summit. Met with President Jair Bolsonaro.
