,Dates,Country,Locations,Details
1,22–23 March 2013,Russia,Moscow,Met with President Vladimir Putin to discuss bilateral ties. Discussions of a new comprehensive strategic cooperation plan between China and Russia were held. Increased tourism cooperation and cultural ties were agreed upon.[1]Met with Chairman of the State Duma Sergei Naryshkin to discuss enhancement of inter-parliamentary ties between China and Russia.[2]Met with Russian Defense Minister Sergei Shoigu to discuss increased military ties between China and Russia.[3]Met with Russian Minister of Far East Development Viktor Ishayev to discuss increased economic cooperation in the Russian Far East.[4]
1,24–25 March 2013,Tanzania,Dar es Salaam,Met with President of Tanzania Jakaya Mrisho Kikwete to discuss bilateral ties. A joint communique was signed on boosting friendly cooperation between China and Tanzania.[5]Met with President of Zanzibar Ali Mohamed Shein to discuss bilateral ties.[6]
1,25–29 March 2013,South Africa,"Pretoria, Durban",State visit and attendance to the 5th BRICS summit.[7]
1,29–30 March 2013,Republic of the Congo,Brazzaville,Met with President Denis Sassou Nguesso to discuss bilateral ties. Talks were held to improve cooperation between Chinese doctors and African health services.[8]
2,31 May–2 June 2013,Trinidad and Tobago,Port of Spain,Met with President of Trinidad and Tobago Anthony Carmona and Prime Minister of Trinidad and Tobago Kamla Persad-Bissessar to discuss bilateral ties.[9]Met with Trinidad and Tobago Senate President Timothy Hamel-Smith and Speaker of the House Wade Mark to discuss increased legislative exchanges between China and Trinidad and Tobago.[10]Met with President of Guyana Donald Ramotar to discuss bilateral ties.[11]Met with President of Suriname Dési Bouterse to discuss bilateral ties.[12]
2,2–4 June 2013,Costa Rica,San José,[13]
2,4–7 June 2013,Mexico,Mexico City,[14]
2,7–9 June 2013,United States,"Ontario, CaliforniaRancho Mirage, CaliforniaIndian Wells, CaliforniaPalm Springs, California",Hosted by President Barack Obama at Sunnylands; and California Governor Jerry Brown at Indian Wells and  Palm Springs.[15][16]
3,3–4 September 2013,Turkmenistan,Ashgabat,Met and discussed bilateral ties with President Gurbanguly Berdymukhamedov. Agreements reached on promotion of energy cooperation between China and Turkmenistan.[17]
3,4–6 September 2013,Russia,Saint Petersburg,State visit and attendance to the 8th G20 summit.[18]
3,6–7 September 2013,Kazakhstan,Astana,[19]
3,8–9 September 2013,Uzbekistan,Tashkent,[20][21]
3,10–13 September 2013,Kyrgyzstan,Bishkek,State visit and attendance to the 13th meeting of the Shanghai Cooperation Organisation.[22]
4,2 October 2013,Indonesia,Jakarta,[23]
4,3 October 2013,Malaysia,Kuala Lumpur,[24]
4,5–8 October 2013,Indonesia,Bali,25th meeting of the Asia-Pacific Economic Cooperation.[25]
