,Dates,Country,Locations,Details
1,19–20 January 2016,Saudi Arabia,Riyadh,[47]
1,20–21 January 2016,Egypt,Cairo,[48]
1,22 January 2016,Iran,Tehran,[49]
2,28–29 March 2016,Czech Republic,Prague,[50]
3,31 March–1 April 2016,United States,Washington D.C.,Attendance to the 4th Nuclear Security Summit.[citation needed]
4,18 June 2016,Serbia,Belgrade,[51]
4,20 June 2016,Poland,Warsaw,[52]
4,21–24 June 2016,Uzbekistan,"Bukhara, Tashkent",State visit and attendance to the 16th meeting of the Shanghai Cooperation Organisation.[53]
5,13 October 2016,Cambodia,Phnom Penh,[54]
5,14 October 2016,Bangladesh,Dhaka,[55]
5,15 October 2016,India,Benaulim (Goa),State visit and attendance to the 8th BRICS summit.[56]
6,17 November 2016,Ecuador,Quito,[57]
6,19–21 November 2016,Peru,Lima,State visit and attendance to the 28th meeting of the Asia-Pacific Economic Cooperation.[58]
6,22-23 November 2016,Chile,Santiago de Chile,[59]
6,24 November 2016,Spain,Gran Canaria,[60]
