,Dates,Country,Locations,Details
1,6–8 February 2014,Russia,Sochi,Attendance to the opening ceremony of the 2014 Winter Olympics.[26]
2,22–25 March 2014,Netherlands,"Amsterdam, The Hague",State visit and attendance to the 3rd Nuclear Security Summit.[27]
2,25–27 March 2014,France,Lyon,[28]
2,27–29 March 2014,Germany,Berlin,[29]
2,30 March–1 April 2014,Belgium,Brussels,State visit[30]
3,3 July–4 July 2014,South Korea,Seoul,State visit
4,14–16 July 2014,Brazil,"Fortaleza, Brasília",State visit and attendance to the 6th BRICS summit.[31]
4,19-20 July 2014,Argentina,Buenos Aires,State visit
4,20-21 July 2014,Venezuela,Caracas,State visit
4,21-23 July 2014,Cuba,Havana,State visit
5,21-22 August 2014,Mongolia,Ulaanbaatar,State visit
6,11–14 September 2014,Tajikistan,Dushanbe,State visit and attendance to 14th meeting of the Shanghai Cooperation Organisation.[32]
6,14–16 September 2014,Maldives,Malé,[33]
6,16–17 September 2014,Sri Lanka,Colombo,[34]
6,17–19 September 2014,India,Ahmedabad,[35]
7,14–19 November 2014,Australia,"Brisbane, Sydney, Canberra, Hobart","Xi Jinping became the third Chinese President to visit Australia, after his two predecessors. Xi Jinping first attended the G20 Summit in Brisbane. He then flew to Australia's capital, Canberra to address a Joint Sitting of Australian Parliament, hold talks with Prime Minister Tony Abbott, Governor-General Peter Cosgrove and other Australian officials. He then went to Hobart, Tasmania, becoming the first Chinese head of state ever to visit the island state. He held talks with Tasmanian officials, including the wife of the late ex-Premier Jim Bacon. He then went to Sydney, New South Wales, to hold talks with senior NSW officials, as well as meet business leaders. After he finished his visit to Sydney, he flew directly to New Zealand (see below for more).[36]"
7,19–21 November 2014,New Zealand,Auckland,[37]
7,21–23 November 2014,Fiji,Nadi,[38]
