,Dates,Country,Locations,Details
1,16–17 January 2017,Switzerland,"Bern, Davos",State visit and attendance to the World Economic Forum.[61][62]
2,5 April 2017,Finland,Helsinki,[63]
2,6–9 April 2017,United States,"Palm Beach, Florida",Hosted by President Donald Trump at Mar-a-Lago.[64]
3,7 June 2017,Kazakhstan,Astana,State visit and attendance to the 17th meeting of the Shanghai Cooperation Organisation and the Expo 2017.[65]
4,3 July 2017,Russia,Moscow,[66]
4,4–8 July 2017,Germany,"Berlin, Hamburg",State visit and attendance to the 12th G20 summit. [67]
5,10–12 November 2017,Vietnam,Hanoi,State visit and attendance to APEC Vietnam 2017.[68]
5,13–14 November 2017,Laos,Vientiane,[69]
