Dates,Country,,,Dates,Country
23-Mar-13,Russia,,,41356,Russia
25-Mar-13,Tanzania,,,41358,Tanzania
29-Mar-13,South Africa,,,41362,South Africa
30-Mar-13,Republic of the Congo,,,41363,Republic of the Congo
2-Jun-13,Trinidad and Tobago,,,41427,Trinidad and Tobago
4-Jun-13,Costa Rica,,,41429,Costa Rica
7-Jun-13,Mexico,,,41432,Mexico
9-Jun-13,United States,,,41434,United States
4-Sep-13,Turkmenistan,,,41521,Turkmenistan
6-Sep-13,Russia,,,41523,Russia
7-Sep-13,Kazakhstan,,,41524,Kazakhstan
9-Sep-13,Uzbekistan,,,41526,Uzbekistan
13-Sep-13,Kyrgyzstan,,,41530,Kyrgyzstan
2-Oct-13,Indonesia,,,41549,Indonesia
3-Oct-13,Malaysia,,,41550,Malaysia
8-Oct-13,Indonesia,,,41555,Indonesia
8-Feb-14,Russia,,,41678,Russia
25-Mar-14,Netherlands,,,41723,Netherlands
27-Mar-14,France,,,41725,France
29-Mar-14,Germany,,,41727,Germany
1-Apr-14,Belgium,,,41730,Belgium
4-Jul-14,South Korea,,,41824,South Korea
16-Jul-14,Brazil,,,41836,Brazil
20-Jul-14,Argentina,,,41840,Argentina
21-Jul-14,Venezuela,,,41841,Venezuela
23-Jul-14,Cuba,,,41843,Cuba
22-Aug-14,Mongolia,,,41873,Mongolia
14-Sep-14,Tajikistan,,,41896,Tajikistan
16-Sep-14,Maldives,,,41898,Maldives
17-Sep-14,Sri Lanka,,,41899,Sri Lanka
19-Sep-14,India,,,41901,India
19-Nov-14,Australia,,,41962,Australia
21-Nov-14,New Zealand,,,41964,New Zealand
23-Nov-14,Fiji,,,41966,Fiji
21-Apr-15,Pakistan,,,42115,Pakistan
24-Apr-15,Indonesia,,,42118,Indonesia
7-May-15,Kazakhstan,,,42131,Kazakhstan
9-May-15,Russia,,,42133,Russia
11-May-15,Belarus,,,42135,Belarus
11-Jul-15,Russia,,,42196,Russia
28-Sep-15,United States,,,42275,United States
24-Oct-15,United Kingdom,,,42301,United Kingdom
6-Nov-15,Vietnam,,,42314,Vietnam
7-Nov-15,Singapore,,,42315,Singapore
16-Nov-15,Turkey,,,42324,Turkey
19-Nov-15,Philippines,,,42327,Philippines
30-Nov-15,France,,,42338,France
1-Dec-15,Zimbabwe,,,42339,Zimbabwe
5-Dec-15,South Africa,,,42343,South Africa
20-Jan-16,Saudi Arabia,,,42389,Saudi Arabia
21-Jan-16,Egypt,,,42390,Egypt
22-Jan-16,Iran,,,42391,Iran
29-Mar-16,Czech Republic,,,42458,Czech Republic
1-Apr-16,United States,,,42461,United States
18-Jun-16,Serbia,,,42539,Serbia
20-Jun-16,Poland,,,42541,Poland
24-Jun-16,Uzbekistan,,,42545,Uzbekistan
13-Oct-16,Cambodia,,,42656,Cambodia
14-Oct-16,Bangladesh,,,42657,Bangladesh
15-Oct-16,India,,,42658,India
17-Nov-16,Ecuador,,,42691,Ecuador
21-Nov-16,Peru,,,42695,Peru
23-Nov-16,Chile,,,42697,Chile
24-Nov-16,Spain,,,42698,Spain
17-Jan-17,Switzerland,,,42752,Switzerland
5-Apr-17,Finland,,,42830,Finland
9-Apr-17,United States,,,42834,United States
7-Jun-17,Kazakhstan,,,42893,Kazakhstan
3-Jul-17,Russia,,,42919,Russia
8-Jul-17,Germany,,,42924,Germany
12-Nov-17,Vietnam,,,43051,Vietnam
14-Nov-17,Laos,,,43053,Laos
20-Jul-18,United Arab Emirates,,,43301,United Arab Emirates
21-Jul-18,Senegal,,,43302,Senegal
22-Jul-18,Rwanda,,,43303,Rwanda
27-Jul-18,South Africa,,,43308,South Africa
27-Jul-18,Mauritius,,,43308,Mauritius
13-Sep-18,Russia,,,43356,Russia
17-Nov-18,Papua New Guinea,,,43421,Papua New Guinea
20-Nov-18,Brunei,,,43424,Brunei
21-Nov-18,Philippines,,,43425,Philippines
29-Nov-18,Spain,,,43433,Spain
1-Dec-18,Argentina,,,43435,Argentina
3-Dec-18,Panama,,,43437,Panama
5-Dec-18,Portugal,,,43439,Portugal
24-Mar-19,Italy,,,43548,Italy
24-Mar-19,Monaco,,,43548,Monaco
26-Mar-19,France,,,43550,France
8-Jun-19,Russia,,,43624,Russia
14-Jun-19,Kyrgyzstan,,,43630,Kyrgyzstan
16-Jun-19,Tajikistan,,,43632,Tajikistan
21-Jun-19,North Korea,,,43637,North Korea
29-Jun-19,Japan,,,43645,Japan
12-Oct-19,India,,,43750,India
13-Oct-19,Nepal,,,43751,Nepal
12-Nov-19,Greece,,,43781,Greece
14-Nov-19,Brazil,,,43783,Brazil
18-Jan-20,Myanmar,,,43848,Myanmar
