﻿Title,Date,Source,Link
在中国科学院第二十次院士大会、中国工程院第十五次院士大会、中国科协第十次全国代表大会上的讲话,5/29/2021,人民网－人民日报 ,http://jhsjk.people.cn/article/32116652
习近平：在中国科学院第二十次院士大会、中国工程院第十五次院士大会、中国科协第十次全国代表大会上的讲话,5/28/2021,新华网 ,http://jhsjk.people.cn/article/32116542
习近平在第十三届全国人民代表大会第一次会议上的讲话,5/15/2020,《求是》 ,http://jhsjk.people.cn/article/31710993
习近平：努力造就一支忠诚干净担当的高素质干部队伍,1/15/2019,,http://jhsjk.people.cn/article/30544006
习近平在中国科学院第十九次院士大会、中国工程院第十四次院士大会上的讲话,5/29/2018,人民网－人民日报 ,http://jhsjk.people.cn/article/30019426
习近平：在中国科学院第十九次院士大会、中国工程院第十四次院士大会上的讲话,5/28/2018,新华社 ,http://jhsjk.people.cn/article/30019215
习近平讲故事：中国人民是具有伟大创造精神的人民,3/29/2018,人民网－人民日报海外版 ,http://jhsjk.people.cn/article/29895242
习近平在第十三届全国人民代表大会第一次会议上的讲话,3/21/2018,人民网－人民日报 ,http://jhsjk.people.cn/article/29879544
习近平：过去五年取得了改革开放和社会主义现代化建设的历史性成就,11/8/2017,新华社 ,http://jhsjk.people.cn/article/29634722
习近平在中国共产党第十九次全国代表大会上的报告,10/28/2017,人民网-人民日报 ,http://jhsjk.people.cn/article/29613660
习近平：决胜全面建成小康社会 夺取新时代中国特色社会主义伟大胜利,10/27/2017,新华网 ,http://jhsjk.people.cn/article/29613458
国家主席习近平发表二〇一七年新年贺词,1/1/2017,人民网－人民日报 ,http://jhsjk.people.cn/article/28991776
中国外交的一面旗帜：正确义利观,8/11/2016,人民网－人民日报海外版 ,http://jhsjk.people.cn/article/28627513
习近平提及的古代国家治理思想典出何处？,10/15/2014,人民网-时政频道 ,http://jhsjk.people.cn/article/25838181
习近平引用的古典名句（治理篇）,5/22/2014,人民网－人民日报海外版 ,http://jhsjk.people.cn/article/25048530
习近平在布鲁日欧洲学院的演讲,4/2/2014,人民网－人民日报 ,http://jhsjk.people.cn/article/24799696
习近平在中法建交五十周年纪念大会上的讲话,3/29/2014,人民网－人民日报 ,http://jhsjk.people.cn/article/24770826
习近平在中法建交50周年纪念大会上的讲话（全文）,3/28/2014,新华网 ,http://jhsjk.people.cn/article/24759793
总书记的清新文风,1/17/2014,人民网－人民日报海外版 ,http://jhsjk.people.cn/article/24145459
