﻿Title,Date,Source,Link
习近平：深入理解新发展理念,2019-05-16,,http://jhsjk.people.cn/article/31088253
习近平：推动我国生态文明建设迈上新台阶,2019-01-31,,http://jhsjk.people.cn/article/30603656
习近平：辩证唯物主义是中国共产党人的世界观和方法论,2019-01-01,,http://jhsjk.people.cn/article/30497908
习近平关于改革开放论述中的这些用典，意义非凡！,2018-12-12,人民网-中国共产党新闻网 ,http://jhsjk.people.cn/article/30460908
习近平讲故事：文明发展离不开知识变革和思想先导,2018-08-23,人民网－人民日报海外版 ,http://jhsjk.people.cn/article/30245264
习近平讲故事：中华文明历史悠久,2018-05-24,人民网－人民日报海外版 ,http://jhsjk.people.cn/article/30011164
习近平：环境就是民生，青山就是美丽，蓝天也是幸福,2018-02-23,人民网-中国共产党新闻网 ,http://jhsjk.people.cn/article/29830095
习近平在哲学社会科学工作座谈会上的讲话,2016-05-19,人民网－人民日报 ,http://jhsjk.people.cn/article/28361550
习近平在省部级主要领导干部学习贯彻党的十八届五中全会精神专题研讨班上的讲话,2016-05-10,人民网－人民日报 ,http://jhsjk.people.cn/article/28337020
习近平心中的绿水青山是什么样子？,2015-12-28,新华网 ,http://jhsjk.people.cn/article/27985643
记习近平主席出席亚太经合组织第二十三次领导人非正式会议,2015-11-20,人民网－人民日报 ,http://jhsjk.people.cn/article/27835632
总书记的劝学篇,2015-04-23,人民网－人民日报 ,http://jhsjk.people.cn/article/26890389
习近平“点赞”“蛮拼的”拟收录成书,2015-01-08,新京报 ,http://jhsjk.people.cn/article/26346342
习近平提及的古代国家治理思想典出何处？,2014-10-15,人民网-时政频道 ,http://jhsjk.people.cn/article/25838181
习近平：在中国科学院第十七次院士大会、中国工程院第十二次院士大会上的讲话,2014-06-10,人民网－人民日报 ,http://jhsjk.people.cn/article/25125594
习近平在中国科学院第十七次院士大会、中国工程院第十二次院士大会上的讲话,2014-06-09,新华网 ,http://jhsjk.people.cn/article/25125270
习得——习近平引用的古典名句·为学篇,2014-05-13,人民网－人民日报海外版 ,http://jhsjk.people.cn/article/25008277
