﻿Title,Date,Source,Link
风卷红旗过大关——以习近平同志为核心的党中央领航中国为实现第一个百年奋斗目标而奋勇拼搏纪实,1/3/2021,新华网 ,http://jhsjk.people.cn/article/31987268
共同构建人类命运共同体,1/1/2021,《求是》 ,http://jhsjk.people.cn/article/31986596
习近平讲故事：“半条被子”的故事充分体现了中国共产党的人民情怀和为民本质,11/12/2020,人民网－人民日报海外版 ,http://jhsjk.people.cn/article/31928100
坚守人民情怀，走好新时代的长征路——习近平在湖南考察并主持召开基层代表座谈会纪实,9/21/2020,人民网－人民日报 ,http://jhsjk.people.cn/article/31868306
坚守人民情怀，走好新时代的长征路——习近平在湖南考察并主持召开基层代表座谈会纪实,9/20/2020,新华网 ,http://jhsjk.people.cn/article/31868166
习近平在湖南考察时强调 在推动高质量发展上闯出新路子 谱写新时代中国特色社会主义湖南新篇章,9/19/2020,人民网－人民日报 ,http://jhsjk.people.cn/article/31867620
习近平在湖南考察时强调 在推动高质量发展上闯出新路子 谱写新时代中国特色社会主义湖南新篇章,9/18/2020,新华网 ,http://jhsjk.people.cn/article/31867412
习近平讲故事：用健康扶贫赶走脱贫“拦路虎”,7/2/2020,人民网－人民日报海外版 ,http://jhsjk.people.cn/article/31767485
“一个少数民族也不能少”——记习近平总书记在宁夏考察脱贫攻坚奔小康,6/12/2020,人民网－人民日报 ,http://jhsjk.people.cn/article/31743895
习近平在第十三届全国人民代表大会第一次会议上的讲话,5/15/2020,《求是》 ,http://jhsjk.people.cn/article/31710993
蹚出新路子 书写新篇章——习近平总书记山西考察纪实,5/14/2020,人民网－人民日报 ,http://jhsjk.people.cn/article/31708081
习近平在山西考察时强调：全面建成小康社会 乘势而上书写新时代中国特色社会主义新篇章,5/13/2020,人民网－人民日报 ,http://jhsjk.people.cn/article/31706549
习近平在山西考察时强调 全面建成小康社会 乘势而上书写新时代中国特色社会主义新篇章,5/12/2020,新华社 ,http://jhsjk.people.cn/article/31706395
习近平：坚定信心开拓创新真抓实干 团结一心开创富民兴陇新局面,8/23/2019,人民网－人民日报 ,http://jhsjk.people.cn/article/31312132
习近平在甘肃考察时强调 坚定信心开拓创新真抓实干 团结一心开创富民兴陇新局面,8/22/2019,新华社 ,http://jhsjk.people.cn/article/31311942
习近平总书记牵挂的民生事之“病有所医”篇,8/10/2019,人民网－人民日报 ,http://jhsjk.people.cn/article/31286937
“历史是最好的教科书”！听习近平这样讲述“战争与和平”,7/7/2019,人民网-中国共产党新闻网 ,http://jhsjk.people.cn/article/31218073
不忘初心，重整行装再出发——习近平总书记在江西调研并主持召开推动中部地区崛起工作座谈会纪实,5/24/2019,人民网－人民日报 ,http://jhsjk.people.cn/article/31100693
“这件事我要以钉钉子精神反反复复地去抓”,4/19/2019,人民网－人民日报 ,http://jhsjk.people.cn/article/31038035
习近平讲故事：总书记知道咱们这儿困难,12/13/2018,人民网－人民日报海外版 ,http://jhsjk.people.cn/article/30463656
习近平谈和平发展：让人类命运共同体建设的阳光普照世界,8/28/2018,人民网-中国共产党新闻网 ,http://jhsjk.people.cn/article/30255942
习近平：抓住培养社会主义建设者和接班人根本任务 努力建设中国特色世界一流大学,5/3/2018,人民网－人民日报 ,http://jhsjk.people.cn/article/29961630
习近平讲故事：中国人民是具有伟大创造精神的人民,3/29/2018,人民网－人民日报海外版 ,http://jhsjk.people.cn/article/29895242
习近平在第十三届全国人民代表大会第一次会议上的讲话,3/21/2018,人民网－人民日报 ,http://jhsjk.people.cn/article/29879544
记习近平总书记看望四川凉山地区群众并主持召开打好精准脱贫攻坚战座谈会,2/15/2018,人民网－人民日报 ,http://jhsjk.people.cn/article/29824825
记习近平总书记看望四川凉山地区群众并主持召开打好精准脱贫攻坚战座谈会,2/14/2018,新华社 ,http://jhsjk.people.cn/article/29824406
情牵黄土地 心系老区人——习近平总书记在山西考察工作纪实,6/26/2017,山西日报 ,http://jhsjk.people.cn/article/29361409
习近平在山西考察工作时强调 扎扎实实做好改革发展稳定各项工作 为党的十九大胜利召开营造良好环境,6/24/2017,人民网－人民日报 ,http://jhsjk.people.cn/article/29359849
习近平：为党的十九大胜利召开营造良好环境,6/23/2017,新华社 ,http://jhsjk.people.cn/article/29359670
习近平：共同构建人类命运共同体,1/20/2017,人民网－人民日报 ,http://jhsjk.people.cn/article/29037658
习近平主席在联合国日内瓦总部的演讲（全文）,1/19/2017,新华社 ,http://jhsjk.people.cn/article/29034230
习近平总书记安徽考察回访记,4/28/2016,新华社 ,http://jhsjk.people.cn/article/28311971
弘扬井冈精神 决胜全面小康——习近平总书记春节前夕赴江西看望慰问回访记,2/6/2016,人民网－人民日报 ,http://jhsjk.people.cn/article/28114918
春节前，中央领导人怎么拜年？,2/5/2016,人民网－人民日报海外版 ,http://jhsjk.people.cn/article/28112587
习近平春节前夕赴江西看望干部群众,2/3/2016,新华网 ,http://jhsjk.people.cn/article/28107581
习近平在云南考察工作时强调：坚决打好扶贫开发攻坚战 加快民族地区经济社会发展,1/22/2015,人民网－人民日报 ,http://jhsjk.people.cn/article/26428249
习近平:坚决打好扶贫开发攻坚战 加快民族地区经济社会发展,1/21/2015,新华网 ,http://jhsjk.people.cn/article/26427010
组图：习近平新年首次离京考察都选哪些地方？,1/20/2015,人民网-时政频道 ,http://jhsjk.people.cn/article/26419042
新年首次离京：习近平察看鲁甸地震遗址(图),1/20/2015,新华网 ,http://jhsjk.people.cn/article/26413529
习近平总书记指导河北省党的群众路线教育实践活动回访记,3/24/2014,人民网－人民日报 ,http://jhsjk.people.cn/article/24714019
找准发展路子 早日脱贫致富——习近平总书记来到咱甘肃之四,2/18/2013,甘肃日报 ,http://jhsjk.people.cn/article/20512648
