﻿Title,Date,Source,Link
“让所有老年人都能有一个幸福美满的晚年”——习近平和尊老养老的故事,10/29/2020,新华网 ,http://jhsjk.people.cn/article/31910679
习近平在第十三届全国人民代表大会第一次会议上的讲话,5/15/2020,《求是》 ,http://jhsjk.people.cn/article/31710993
习近平：坚定文化自信，建设社会主义文化强国,6/15/2019,《求是》 ,http://jhsjk.people.cn/article/31154163
习近平：深入理解新发展理念,5/16/2019,,http://jhsjk.people.cn/article/31088253
推动文明交流互鉴，习近平倡导这样的“中国态度”,5/14/2019,人民网-中国共产党新闻网 ,http://jhsjk.people.cn/article/31082994
习近平：一个国家、一个民族不能没有灵魂,4/15/2019,,http://jhsjk.people.cn/article/31030863
习近平：推动我国生态文明建设迈上新台阶,1/31/2019,,http://jhsjk.people.cn/article/30603656
习近平：努力造就一支忠诚干净担当的高素质干部队伍,1/15/2019,,http://jhsjk.people.cn/article/30544006
习近平讲故事：文明发展离不开知识变革和思想先导,8/23/2018,人民网－人民日报海外版 ,http://jhsjk.people.cn/article/30245264
习近平讲故事：中华文明历史悠久,5/24/2018,人民网－人民日报海外版 ,http://jhsjk.people.cn/article/30011164
习近平讲故事：中国人民是具有伟大创造精神的人民,3/29/2018,人民网－人民日报海外版 ,http://jhsjk.people.cn/article/29895242
习近平在第十三届全国人民代表大会第一次会议上的讲话,3/21/2018,人民网－人民日报 ,http://jhsjk.people.cn/article/29879544
中国外交的一面旗帜：正确义利观,8/11/2016,人民网－人民日报海外版 ,http://jhsjk.people.cn/article/28627513
习近平在塞尔维亚媒体发表署名文章：永远的朋友 真诚的伙伴,6/17/2016,人民网－人民日报 ,http://jhsjk.people.cn/article/28451755
习近平在塞尔维亚媒体发表署名文章,6/16/2016,新华社 ,http://jhsjk.people.cn/article/28451439
习近平在哲学社会科学工作座谈会上的讲话,5/19/2016,人民网－人民日报 ,http://jhsjk.people.cn/article/28361550
习近平在省部级主要领导干部学习贯彻党的十八届五中全会精神专题研讨班上的讲话,5/10/2016,人民网－人民日报 ,http://jhsjk.people.cn/article/28337020
习近平：共同开创中阿关系的美好未来,1/22/2016,人民网－人民日报 ,http://jhsjk.people.cn/article/28075098
习近平在文艺工作座谈会上的讲话,10/15/2015,人民网－人民日报 ,http://jhsjk.people.cn/article/27699249
习近平接受《华尔街日报》采访：坚持构建中美新型大国关系正确方向,9/23/2015,人民网－人民日报 ,http://jhsjk.people.cn/article/27622008
习近平接受《华尔街日报》采访,9/22/2015,新华网 ,http://jhsjk.people.cn/article/27620258
习近平：推动国家发展，核心价值观是最持久最深沉的力量,8/3/2015,人民网－中国共产党新闻网 ,http://jhsjk.people.cn/article/27399954
迈向命运共同体 开创亚洲新未来,3/29/2015,人民网－人民日报 ,http://jhsjk.people.cn/article/26765899
习近平：迈向命运共同体 开创亚洲新未来,3/28/2015,新华网 ,http://jhsjk.people.cn/article/26764811
习近平总书记历次“春节考察”映射执政理念,2/17/2015,新华网 ,http://jhsjk.people.cn/article/26579086
习近平提及的古代国家治理思想典出何处？,10/15/2014,人民网-时政频道 ,http://jhsjk.people.cn/article/25838181
跟着习主席学传统文化之文明篇：温故而知新,9/26/2014,新华网 ,http://jhsjk.people.cn/article/25741615
习主席蒙古国演讲：清茶之风　余香隽永,8/22/2014,新华网 ,http://jhsjk.people.cn/article/25522513
习近平在北京市海淀区民族小学主持召开座谈会时的讲话,5/31/2014,人民网－人民日报 ,http://jhsjk.people.cn/article/25088947
习得——习近平引用的古典名句·民本篇,5/15/2014,人民网－人民日报海外版 ,http://jhsjk.people.cn/article/25018749
习近平访欧十一天 一路文化一路诗,4/3/2014,人民网－人民日报海外版 ,http://jhsjk.people.cn/article/24811124
习近平在中法建交五十周年纪念大会上的讲话,3/29/2014,人民网－人民日报 ,http://jhsjk.people.cn/article/24770826
习近平在中法建交50周年纪念大会上的讲话（全文）,3/28/2014,新华网 ,http://jhsjk.people.cn/article/24759793
习近平心中的好干部,3/21/2014,人民网－人民日报海外版 ,http://jhsjk.people.cn/article/24696089
习近平引经据典谈反腐,1/18/2014,人民网－人民日报海外版 ,http://jhsjk.people.cn/article/24156739
总书记的清新文风,1/17/2014,人民网－人民日报海外版 ,http://jhsjk.people.cn/article/24145459
